<suite name="Suite" parallel="tests" thread-count="2">
	<listeners>
		<listener class-name="listeners.RetryListener" />
		<listener class-name="listeners.TestListener" />

	</listeners>
	<test name="Test1">
		<parameter name="Browser" value="Chrome"></parameter>
		<classes>
			<class name="testClasses.LoginpageTestClass" />
			<class name="testClasses.HomePageTestClass" />
			<!--		<class name="testClasses.ExpensePageTestClass" /> 
			
			<class name="testClasses.UserManagementTestClass" />
			
			<class name="testClasses.CustomerPageTestClass" />-->
		</classes>
	</test>
	<test name="Test2">
		<parameter name="Browser" value="Chrome"></parameter>
		<classes>
			<class name="testClasses.ExpensePageTestClass" />

			<class name="testClasses.UserManagementTestClass" />
			<!--<class name="testClasses.LoginpageTestClass" />
		<class name="testClasses.HomePageTestClass" />
		<class name="testClasses.ExpensePageTestClass" /> 
			
			<class name="testClasses.UserManagementTestClass" />
			
			<class name="testClasses.CustomerPageTestClass" />-->
		</classes>
	</test>
</suite> <!--
Suite -->
